start station name,start station id,start station latitude,start station longitude,borrow_frequency
1 Ave & E 110 St,3496,40.7923272,-73.9383,312
1 Ave & E 16 St,504,40.73221853,-73.98165557,3147
1 Ave & E 18 St,2003,40.73381219196632,-73.9805442094803,2210
1 Ave & E 30 St,536,40.74144387,-73.97536082,2356
1 Ave & E 44 St,455,40.75001986,-73.96905301,1416
1 Ave & E 62 St,3142,40.761227399999996,-73.96094022,1818
1 Ave & E 68 St,3141,40.76500525,-73.95818491,2631
1 Ave & E 78 St,3140,40.77140426,-73.9535166,1744
1 Ave & E 94 St,3312,40.78172120000001,-73.94594000000001,590
1 Pl & Clinton St,3386,40.6809591,-73.99905709,318
10 Hudson Yards,3441,40.752957,-74.00264,175
10 St & 5 Ave,3317,40.6686273,-73.98700053,281
10 St & 7 Ave,3306,40.666207799999995,-73.98199886,450
11 Ave & W 27 St,458,40.751396,-74.00522600000001,1861
11 Ave & W 41 St,478,40.76030096,-73.99884222,2065
11 Ave & W 59 St,530,40.771522,-73.99054100000001,1808
11 St & 35 Ave,3567,40.76274420000001,-73.9391141,87
11 St & 43 Ave,3620,40.7519071,-73.94791190000001,25
12 Ave & W 40 St,514,40.76087502,-74.00277668,1777
12 St & 4 Ave,3322,40.668603000000004,-73.99043940000001,166
14 St & 5 Ave,3319,40.666287,-73.98895053,363
14 St & 7 Ave,3310,40.663779,-73.98396846,395
19 St & 24 Ave,3524,40.777455200000006,-73.9225403,157
2 Ave & 36 St - Citi Bike HQ at Industry City,3478,40.65708866668485,-74.00870203971863,246
2 Ave & 9 St,3401,40.6724811,-73.99331394,191
2 Ave & E 104 St,3425,40.789210499999996,-73.94370784,499
2 Ave & E 122 St,3499,40.8006721,-73.9349,102
2 Ave & E 31 St,528,40.74290902,-73.97706058,2022
2 Ave & E 96 St,3318,40.7839636,-73.94716729999999,970
2 Ave & E 99 St,3338,40.786258600000004,-73.94552579,276
21 St & 31 Dr,3591,40.7659,-73.930819,171
21 St & 36 Ave,3564,40.760185299999996,-73.9362726,45
21 St & 38 Ave,3559,40.7576314,-73.9391224,29
21 St & 43 Ave,3128,40.75052534,-73.94594845,104
21 St & Hoyt Ave S,3513,40.774645,-73.92370600000001,69
21 St & Queens Plaza North,3130,40.75325964,-73.94335788,269
23 Ave & 27 St,3525,40.776165,-73.9153175,52
24 Ave & 26 St,3515,40.774591,-73.918544,151
24 Ave & 29 St,3523,40.7729,-73.91614200000001,83
24 St & 41 Ave,3556,40.752708500000004,-73.9397405,260
27 Ave & 4 St,3512,40.7747175,-73.93378940000001,11
27 Ave & 9 St,3621,40.7739825,-73.93091340000001,67
27 St & Hunter St,3618,40.7485,-73.941275,146
28 Ave & 35 St,3617,40.7671,-73.9169858,241
28 St & 36 Ave,3563,40.757186,-73.93271899999999,257
28 St & 38 Ave,3560,40.754876,-73.934326,162
28 St & 40 Ave,3625,40.752575799999995,-73.9364281,90
28 St & 41 Ave,3555,40.751047,-73.93796999999999,268
3 Ave & 14 St,3324,40.6685455,-73.99333264,223
3 Ave & E 100 St,3327,40.787721399999995,-73.94728331,112
3 Ave & E 112 St,3551,40.795508,-73.94160600000001,152
3 Ave & E 62 St,3134,40.76312584,-73.96526895,898
3 Ave & E 71 St,3152,40.76873687,-73.96119945,539
3 Ave & E 72 St,3375,40.7699426,-73.96060712,455
3 St & 3 Ave,3373,40.675070500000004,-73.98775226,640
3 St & 7 Ave,3365,40.67038370000001,-73.97839676,519
3 St & Hoyt St,3381,40.6777287,-73.99364123,287
3 St & Prospect Park West,3354,40.668132,-73.97363831,501
30 Ave & 21 St,3612,40.77037429999999,-73.9286078,80
31 Ave & 14 St,3607,40.7682,-73.9322662,98
31 Ave & 30 St,3603,40.7647,-73.9240312,188
31 Ave & 34 St,3602,40.763154,-73.920827,255
31 Ave & Crescent St,3605,40.765834600000005,-73.9265474,254
31 Ave & Steinway St,3662,40.76129389728909,-73.916916847229,1
31 St & 23 Ave,3526,40.7747878,-73.91255509999999,391
31 St & 35 Ave,3653,40.75820464696758,-73.92832159996033,128
31 St & Astoria Blvd,3516,40.76991760000001,-73.91840570000001,570
31 St & Broadway,3593,40.761584,-73.925921,630
31 St & Hoyt Ave N,3517,40.771152799999996,-73.9170074,252
31 St & Northern Blvd,3654,40.75186951421875,-73.93349289894103,108
31 St & Thomson Ave,3123,40.74469738,-73.93540375,157
34 Ave & 13 St,3586,40.763875299999995,-73.9364848,83
34 Ave & 21 St,3577,40.762813799999996,-73.9342862,158
34 Ave & 38 St,3572,40.756913,-73.921631,306
34 St & 35 Ave,3568,40.756933200000006,-73.92622309999999,257
35 Ave & 10 St,3646,40.763154819103725,-73.93985509872438,100
35 Ave & 37 St,3570,40.7557327,-73.92366109999999,223
35 St & 34 Ave,3573,40.7580583,-73.92427509999999,132
35 St & Broadway,3595,40.760339,-73.9222427,140
36 Ave & 10 St,3565,40.7614376,-73.9411265,139
37 Ave & 35 St,3561,40.7531106,-73.9279917,139
37 St & 24 Ave,3522,40.7701477,-73.9120938,133
39 St & 2 Ave - Citi Bike HQ at Industry City,3477,40.65539977447831,-74.0106278657913,78
4 Ave & 2 St,3371,40.674613422475815,-73.98501142859459,239
4 Ave & 9 St,3403,40.6705135,-73.98876585,351
40 Ave & 9 St,3557,40.75742,-73.945133,23
43 St & Broadway,3597,40.7577284,-73.9166368,137
44 Dr & 21 St,3615,40.748000000000005,-73.94609270000001,299
44 Dr & Jackson Ave,3126,40.74718234,-73.9432635,395
45 Rd & 11 St,3125,40.74708586,-73.94977234,402
46 Ave & 5 St,3124,40.74731,-73.95451,496
47 Ave & 31 St,3221,40.743,-73.93561,144
48 Ave & 30 Pl,3647,40.74128309355993,-73.93725872039794,92
48 Ave & 5 St,3122,40.74436328706688,-73.95587325096129,117
49 Ave & 21 St,3606,40.74252,-73.948852,141
5 Ave & 3 St,3368,40.672815500000006,-73.98352355,697
5 Ave & E 103 St,3367,40.792255299999994,-73.95249933,663
5 Ave & E 126 St,3527,40.806979999999996,-73.94174699999999,136
5 Ave & E 29 St,474,40.7451677,-73.98683077,2417
5 Ave & E 63 St,3136,40.766368,-73.971518,774
5 Ave & E 73 St,3137,40.77282817,-73.96685276,1260
5 Ave & E 78 St,3143,40.77632142182271,-73.96427392959596,1093
5 Ave & E 88 St,3282,40.78307,-73.95939,1072
5 Ave & E 93 St,3292,40.785785100000005,-73.957481,432
5 St & 6 Ave,3405,40.670483600000004,-73.98208968,368
6 Ave & 12 St,3313,40.666318100000005,-73.9854617,302
6 Ave & 9 St,3304,40.668127,-73.98377641,559
6 Ave & Canal St,377,40.72243797,-74.00566443,1316
6 Ave & Spring St,3474,40.7252556952547,-74.00412082672119,1112
6 Ave & W 33 St,505,40.74901271,-73.98848395,3305
6 St & 7 Ave,3297,40.668662700000006,-73.97988067,319
7 St & 3 Ave,3399,40.67260298150126,-73.98983001708984,215
7 St & 5 Ave,3404,40.670492200000005,-73.98541675,314
8 Ave & W 31 St,3255,40.7505853470215,-73.9946848154068,4852
8 Ave & W 33 St,490,40.751551,-73.993934,4281
8 Ave & W 52 St,447,40.76370739,-73.9851615,1750
8D Mobile 01,3650,45.506264191001186,-73.56890559196472,35
8D QC Station 01,3488,45.506364054011385,-73.5694634914398,1
9 Ave & W 22 St,509,40.7454973,-74.00197139,2897
9 Ave & W 28 St,3259,40.74937024193277,-73.99923384189607,1525
9 Ave & W 45 St,479,40.76019252,-73.9912551,2653
9 St & 44 Rd,3127,40.74966,-73.9521,84
Adam Clayton Powell Blvd & W 115 St,3511,40.802535,-73.9532423,170
Adam Clayton Powell Blvd & W 118 St,3520,40.804372,-73.951475,198
Adam Clayton Powell Blvd & W 123 St,3510,40.8078316,-73.949373,279
Adam Clayton Powell Blvd & W 126 St,3629,40.809495347779475,-73.94776493310928,63
Adelphi St & Myrtle Ave,270,40.69308257,-73.97178913,983
Albany Ave & Fulton St,3044,40.6800105,-73.938475,92
Allen St & Hester St,361,40.71605866,-73.99190759,1814
Allen St & Rivington St,401,40.72019576,-73.98997825,1948
Allen St & Stanton St,312,40.722055,-73.989111,2061
Amsterdam Ave & W 119 St,3542,40.8086249,-73.9596214,404
Amsterdam Ave & W 125 St,3541,40.813358,-73.956461,129
Amsterdam Ave & W 66 St,3356,40.7746671,-73.98470567,808
Amsterdam Ave & W 73 St,3167,40.779668090073116,-73.98093044757842,2333
Amsterdam Ave & W 79 St,3360,40.7829391,-73.9786517,1368
Amsterdam Ave & W 82 St,3171,40.78524672,-73.97667321,1248
Astoria Park S & Shore Blvd,3514,40.7767,-73.927631,90
Atlantic Ave & Fort Greene Pl,83,40.68382604,-73.97632328,685
Atlantic Ave & Furman St,398,40.69165183,-73.99997859999999,396
Avenue D & E 12 St,339,40.72580614,-73.97422494,523
Avenue D & E 3 St,302,40.72082834,-73.97793172,1191
Avenue D & E 8 St,266,40.72368361,-73.97574813,785
Baltic St & 5 Ave,3417,40.6795766,-73.97854971,603
Bank St & Hudson St,346,40.73652889,-74.00618026,1727
Bank St & Washington St,238,40.7361967,-74.00859207,1148
Banker St & Meserole Ave,3109,40.72606,-73.95621,583
Barclay St & Church St,417,40.71291224,-74.01020234,1901
Barrow St & Hudson St,127,40.73172428,-74.00674436,2376
Bayard St & Baxter St,355,40.71602118,-73.99974372,1399
Bayard St & Leonard St,3452,40.71915571696044,-73.94885390996933,297
Bedford Ave & Bergen St,3571,40.676368,-73.95291800000001,282
Bedford Ave & Nassau Ave,3107,40.72311651,-73.95212324,1206
Bedford Ave & S 9 St,443,40.70853074,-73.96408963,237
Bergen St & Flatbush Ave,3414,40.680944723477296,-73.97567331790923,529
Bergen St & Smith St,3409,40.686744299999994,-73.99063168,1597
Bergen St & Vanderbilt Ave,3558,40.6794388,-73.96804379999999,379
Berkeley Pl & 6 Ave,3339,40.6765304,-73.97846879,443
Berkeley Pl & 7 Ave,3346,40.675146838709786,-73.9752320945263,775
Berry St & N 8 St,3092,40.7190095,-73.95852515,944
Bialystoker Pl & Delancey St,356,40.71622644,-73.98261206,1036
Boerum St & Broadway,3071,40.70538077,-73.94976519,240
Bond St & Bergen St,3411,40.6849668,-73.98620772,499
Bond St & Fulton St,3232,40.68962188790333,-73.98304268717766,818
Bressler,3239,40.646538367096475,-74.0165877342224,11
Broad St & Bridge St,260,40.70365182,-74.01167797,638
Broadway & 12 St,3589,40.7668,-73.93477740000002,164
Broadway & Battery Pl,304,40.70463334,-74.01361706,1474
Broadway & Berry St,389,40.71044554,-73.96525063,828
Broadway & E 14 St,285,40.73454567,-73.99074142,4223
Broadway & E 22 St,402,40.740343200000005,-73.98955109,4526
Broadway & Moylan Pl,3547,40.8143256,-73.9590255,321
Broadway & Roebling St,3078,40.70924826276157,-73.96063148975372,732
Broadway & W 122 St,3545,40.8120562,-73.9612547,224
Broadway & W 25 St,3641,40.74286877312112,-73.98918628692627,3062
Broadway & W 29 St,486,40.7462009,-73.98855723,2434
Broadway & W 32 St,498,40.74854862,-73.98808416,2699
Broadway & W 36 St,267,40.75097711,-73.98765428,1804
Broadway & W 37 St,362,40.75172632,-73.98753523,1136
Broadway & W 38 St,533,40.75299641,-73.98721619,1419
Broadway & W 41 St,465,40.75513557,-73.98658032,3128
Broadway & W 49 St,173,40.76068327096592,-73.98452728986742,2744
Broadway & W 51 St,500,40.76228826,-73.98336183,1697
Broadway & W 53 St,469,40.76344058,-73.98268129,1544
Broadway & W 56 St,468,40.7652654,-73.98192338,2125
Broadway & W 58 St,457,40.76695317,-73.98169333,3031
Broadway & W 60 St,499,40.76915505,-73.98191841,3112
Broadway & Whipple St,3067,40.7016657,-73.9437303,305
Brooklyn Bridge Park - Pier 2,3180,40.69878,-73.99712,160
Bus Slip & State St,427,40.701907,-74.013942,618
Bushwick Ave & Powers St,3083,40.71247661,-73.94100005,308
Butler St & Court St,3303,40.6849894,-73.99440329,394
Cadman Plaza E & Red Cross Pl,321,40.69991755,-73.98971773,760
Cadman Plaza E & Tillary St,232,40.69597683,-73.99014892,397
Cadman Plaza West & Montague St,314,40.69383,-73.990539,813
Cambridge Pl & Gates Ave,3049,40.68488,-73.96304,335
Canal St & Rutgers St,307,40.71427487,-73.98990025,2191
Carlton Ave & Dean St,3537,40.68097410000001,-73.97100970000001,352
Carlton Ave & Flushing Ave,242,40.697787,-73.973736,615
Carlton Ave & Park Ave,419,40.69580705,-73.97355569,465
Carmine St & 6 Ave,368,40.73038599,-74.00214988,3091
Carroll St & 5 Ave,3364,40.6751622,-73.9814832,442
Carroll St & 6 Ave,3361,40.6740886,-73.9787282,598
Carroll St & Bond St,3377,40.6786115,-73.99037292,440
Carroll St & Columbia St,3389,40.6830456,-74.00348559,368
Carroll St & Franklin Ave,3590,40.6679411,-73.9588,37
Carroll St & Smith St,3382,40.680611,-73.99475825,835
Carroll St & Washington Ave,3587,40.6686744,-73.9618148,87
Cathedral Pkwy & Broadway,3383,40.804213,-73.96699104,689
Catherine St & Monroe St,2009,40.71117444,-73.99682619,1004
Center Blvd & 48 Ave,3613,40.745038,-73.957539,242
Center Blvd & Borden Ave,3120,40.741609999999994,-73.96044,112
Central Park North & Adam Clayton Powell Blvd,3374,40.799484,-73.955613,644
Central Park S & 6 Ave,2006,40.76590936,-73.97634151,2386
Central Park W & W 96 St,3295,40.791270000000004,-73.964839,908
Central Park West & W 100 St,3320,40.794066608185524,-73.96286845207214,542
Central Park West & W 102 St,3341,40.795346,-73.96186,446
Central Park West & W 68 St,3163,40.7734066,-73.97782542,1627
Central Park West & W 72 St,3165,40.77579376683666,-73.97620573639871,1659
Central Park West & W 76 St,3160,40.77896784,-73.97374737,920
Central Park West & W 85 St,3168,40.78472675,-73.96961715,1320
Centre St & Chambers St,387,40.71273266,-74.0046073,2578
Centre St & Worth St,386,40.71494807,-74.00234482,1025
Cherry St,332,40.71219906,-73.97948148,631
Christopher St & Greenwich St,358,40.73291553,-74.00711384,3068
Clark St & Henry St,391,40.69760127,-73.99344559,1285
Classon Ave & St Marks Ave,3562,40.676519799999994,-73.9596082,362
Clermont Ave & Lafayette Ave,420,40.68764484,-73.96968902,413
Clermont Ave & Park Ave,421,40.69573398,-73.97129668,264
Cleveland Pl & Spring St,151,40.72210378668603,-73.99724900722505,2793
Cliff St & Fulton St_1,306,40.70823502,-74.00530063,1006
Clinton Ave & Flushing Ave,343,40.69794,-73.96986848,318
Clinton Ave & Myrtle Ave,366,40.693261,-73.968896,1178
Clinton St & 4 Place,3396,40.6783563,-74.00014502,408
Clinton St & Centre St,3326,40.67434,-74.00194698,76
Clinton St & Grand St,350,40.71559509,-73.9870295,1322
Clinton St & Joralemon St,143,40.69239502,-73.99337909,1041
Clinton St & Tillary St,322,40.696191999999996,-73.991218,470
Clinton St & Union St,3321,40.683116399999996,-73.99785267,410
Coffey St & Conover St,3348,40.677236,-74.015665,118
Columbia Heights & Cranberry St,216,40.70037867,-73.99548059,228
Columbia St & Degraw St,3422,40.6859296,-74.00242364,469
Columbia St & Kane St,3311,40.68763155,-74.0016256,451
Columbia St & Lorraine St,3333,40.6747055,-74.00755720000001,30
Columbia St & Rivington St,342,40.71739973,-73.98016555,1093
Columbia St & W 9 St,3394,40.6769993,-74.00647134,47
Columbus Ave & W 103 St,3302,40.7969347,-73.9643412291,246
Columbus Ave & W 72 St,3164,40.7770575,-73.97898475,2646
Columbus Ave & W 95 St,3301,40.7919557,-73.968087,1181
Commerce St & Van Brunt St,3392,40.681211700000006,-74.00860912,169
Concord St & Bridge St,278,40.69766564,-73.98476437,248
Congress St & Clinton St,3408,40.6881529,-73.99520919,573
Cooper Square & Astor Pl,3263,40.729514962249496,-73.99075269699097,3351
Court St & Nelson St,3397,40.6763947,-73.99869893,388
Court St & State St,3402,40.6902375,-73.99203074,1254
Crescent St & 30 Ave,3614,40.768692,-73.9249574,225
Crescent St & 34 Ave,3575,40.76108,-73.930562,131
Crescent St & 35 Ave,3566,40.7596276,-73.93214549999999,155
Crescent St & Broadway,3592,40.7633589,-73.92864709999999,260
Crescent St & Ditmars Blvd,3530,40.7787185,-73.9145645,69
Crown St & Bedford Ave,3631,40.666563000000004,-73.95674100000001,27
Cumberland St & Lafayette Ave,416,40.68753406,-73.97265183,732
DeKalb Ave & Hudson Ave,324,40.689888,-73.981013,895
DeKalb Ave & S Portland Ave,241,40.68981035,-73.97493121,557
DeKalb Ave & Skillman St,409,40.6906495,-73.95643107,289
DeKalb Ave & Vanderbilt Ave,258,40.68940747,-73.96885458,864
Dean St & 4 Ave,467,40.68312489,-73.97895137,1149
Dean St & Hoyt St,3410,40.686444200000004,-73.98759104,380
Degraw St & Hoyt St,3332,40.68199044270703,-73.99079024791719,285
Degraw St & Smith St,3329,40.6829151,-73.99318208,435
Devoe St & Lorimer St,3453,40.71335226222875,-73.9491033554077,510
Ditmars Blvd & 19 St,3532,40.78145,-73.9183302,185
Division Ave & Hooper St,3073,40.70691254,-73.95441667,255
Division Ave & Marcy Ave,3075,40.70708701,-73.95796783,80
Division St & Bowery,296,40.71413089,-73.99704679999999,1494
Douglass St & 3 Ave,3420,40.6802133,-73.98432695,706
Douglass St & 4 Ave,3419,40.67927879999999,-73.98154004,473
Driggs Ave & Lorimer St,3102,40.72179134,-73.95041540000001,353
Driggs Ave & N Henry St,3106,40.72325,-73.94308000000001,690
Duane St & Greenwich St,276,40.71748752,-74.0104554,838
Duffield St & Willoughby St,390,40.69221589,-73.9842844,796
Dwight St & Van Dyke St,3337,40.67363551341504,-74.01195555925368,72
E 10 St & 5 Ave,280,40.73331967,-73.99510132,1360
E 10 St & Avenue A,445,40.72740794,-73.98142006,1945
E 102 St & 1 Ave,3351,40.7869946,-73.94164802,758
E 102 St & Park Ave,3363,40.7904828,-73.95033068,246
E 103 St & Lexington Ave,3379,40.790305100000005,-73.94755757,410
E 106 St & 1 Ave,3391,40.7892529,-73.93956237,213
E 106 St & Lexington Ave,3424,40.791976,-73.945993,126
E 106 St & Madison Ave,3387,40.79343370000001,-73.94945003,260
E 109 St & 3 Ave,3390,40.79329668,-73.9432083,233
E 11 St & 1 Ave,326,40.72953837,-73.98426726,2033
E 11 St & 2 Ave,237,40.73047309,-73.98672378,2277
E 11 St & Broadway,357,40.73261787,-73.99158043,1149
E 110 St & Madison Ave,3400,40.796153499999996,-73.94782145,445
E 114 St & 1 Ave,3495,40.79456629999999,-73.9362541,106
E 115 St & Lexington Ave,3494,40.797911,-73.9423,181
E 115 St & Madison Ave,3500,40.7989445,-73.944846,139
E 116 St & 2 Ave,3490,40.796879,-73.93726099999999,129
E 118 St & 1 Ave,3491,40.797470000000004,-73.93504,128
E 118 St & 3 Ave,3493,40.799139000000004,-73.9389152,140
E 118 St & Madison Ave,3501,40.801486600000004,-73.9442507,132
E 118 St & Park Ave,3492,40.8005385,-73.9419949,39
E 12 St & 3 Ave,483,40.73223272,-73.98889957,2521
E 12 St & Avenue B,3632,40.728048571362606,-73.97881150245668,1942
E 123 St & Lexington Ave,3504,40.802926299999996,-73.9379,149
E 128 St & Madison Ave,3622,40.807559999999995,-73.93918199999999,173
E 13 St & Avenue A,433,40.72955361,-73.98057249,2417
E 15 St & 3 Ave,297,40.734232,-73.986923,2508
E 16 St & 5 Ave,496,40.73726186,-73.99238967,2502
E 16 St & Irving Pl,3463,40.735367055605394,-73.98797392845155,1702
E 17 St & Broadway,497,40.73704984,-73.99009296,4503
E 19 St & 3 Ave,325,40.73624527,-73.98473765,1557
E 2 St & 2 Ave,403,40.72502876,-73.99069656,1802
E 2 St & Avenue A,3656,40.72307749068673,-73.98583620786667,818
E 2 St & Avenue B,301,40.72217444,-73.98368779,1967
E 2 St & Avenue C,150,40.720873600000004,-73.98085795,1139
E 20 St & 2 Ave,461,40.73587678,-73.98205027,2410
E 20 St & FDR Drive,487,40.73314259,-73.97573881,2394
E 20 St & Park Ave,503,40.73827428,-73.98751968,2278
E 23 St & 1 Ave,545,40.736502,-73.97809472,2705
E 24 St & Park Ave S,491,40.74096374,-73.98602213,2750
E 25 St & 1 Ave,174,40.7381765,-73.97738662,1994
E 25 St & 2 Ave,507,40.73912601,-73.97973776,2345
E 27 St & 1 Ave,2012,40.739445,-73.97680600000001,1851
E 3 St & 1 Ave,428,40.72467721,-73.98783413,1
E 30 St & Park Ave S,546,40.74444921,-73.98303529,1990
E 31 St & 3 Ave,476,40.74394314,-73.97966069,2126
E 32 St & Park Ave,472,40.745712100000006,-73.98194829,2761
E 33 St & 2 Ave,527,40.744023,-73.976056,2827
E 33 St & 5 Ave,526,40.74765947,-73.98490707,2119
E 35 St & 3 Ave,3431,40.746524,-73.977885,1309
E 39 St & 2 Ave,518,40.74780373,-73.97344190000001,2448
E 39 St & 3 Ave,167,40.7489006,-73.97604882,1811
E 4 St & 2 Ave,439,40.726280700000004,-73.98978041,2322
E 41 St & 5 Ave,3643,40.75272201381188,-73.98123621940613,1190
E 41 St & Madison Ave,3235,40.752165280621966,-73.97992193698882,1592
E 44 St & 2 Ave,3462,40.75118387463277,-73.97138714790343,699
E 45 St & 3 Ave,440,40.75255434,-73.97282625,1501
E 47 St & 1 Ave,516,40.75206862,-73.96784384,693
E 47 St & 2 Ave,164,40.75323098,-73.97032517,1257
E 47 St & Park Ave,359,40.75510267,-73.97498696,3773
E 48 St & 3 Ave,228,40.7546011026,-73.971878855,1043
E 48 St & 5 Ave,3233,40.75724567911726,-73.97805914282799,2873
E 5 St & Avenue C,393,40.72299208,-73.97995466,1015
E 51 St & 1 Ave,454,40.75455731,-73.96592976,704
E 51 St & Lexington Ave,522,40.75714758,-73.97207836,1423
E 52 St & 2 Ave,441,40.756014,-73.967416,1209
E 53 St & 3 Ave,3459,40.75763227739443,-73.9693057537079,1275
E 53 St & Madison Ave,456,40.75971079999999,-73.97402311,1487
E 55 St & 2 Ave,385,40.75797322,-73.96603308,1535
E 55 St & 3 Ave,3223,40.758996559605116,-73.96865397691727,1526
E 55 St & Lexington Ave,2023,40.75968085,-73.97031366,1039
E 58 St & 1 Ave,3243,40.75892386377695,-73.96226227283478,881
E 58 St & 3 Ave,305,40.76095756,-73.96724467,1687
E 59 St & Madison Ave,3132,40.76350532,-73.97109243,1400
E 6 St & Avenue B,317,40.72453734,-73.98185424,1860
E 6 St & Avenue D,411,40.72228087,-73.97668709,936
E 60 St & York Ave,2022,40.759107,-73.959223,394
E 65 St & 2 Ave,3376,40.76471851944339,-73.96222069859505,627
E 66 St & Madison Ave,3355,40.768008893059466,-73.96845281124116,376
E 67 St & Park Ave,3231,40.76780080148132,-73.96592080593109,499
E 68 St & 3 Ave,3131,40.76712840349542,-73.96224617958069,664
E 68 St & Madison Ave,3359,40.7691572,-73.96703464,373
E 7 St & Avenue A,432,40.72621788,-73.98379855,3454
E 71 St & 1 Ave,3447,40.76703432309872,-73.95622730255127,595
E 72 St & Park Ave,3139,40.77118287540658,-73.96409422159195,550
E 72 St & York Ave,3156,40.76663814,-73.95348296,1474
E 74 St & 1 Ave,3372,40.7689738,-73.95482273,997
E 75 St & 3 Ave,3135,40.77112927,-73.95772297,721
E 76 St & 3 Ave,3438,40.772248537721744,-73.95842134952545,667
E 76 St & Park Ave,3378,40.773763,-73.96222088,796
E 78 St & 2 Ave,3370,40.7727966,-73.95577801,439
E 80 St & 2 Ave,3238,40.77391390238118,-73.9543953537941,691
E 81 St & 3 Ave,3146,40.77573034,-73.9567526,712
E 81 St & Park Ave,3144,40.77677702,-73.95900970000001,274
E 81 St & York Ave,3151,40.7728384,-73.94989233,770
E 82 St & East End Ave,3369,40.7724607,-73.9468208,446
E 84 St & 1 Ave,3148,40.77565541,-73.95068615,679
E 84 St & Park Ave,3145,40.77862688,-73.95772073,718
E 85 St & 3 Ave,3147,40.77801203,-73.95407149,1627
E 85 St & York Ave,3150,40.77536905,-73.94803392,664
E 88 St & 1 Ave,3288,40.778301,-73.9488134,797
E 88 St & Park Ave,3284,40.781410700190015,-73.95595908164978,464
E 89 St & 3 Ave,3286,40.7806284,-73.9521667,729
E 89 St & York Ave,3290,40.7779453,-73.94604100000001,690
E 9 St & Avenue C,394,40.72521311,-73.97768752,1689
E 91 St & 2 Ave,3305,40.781122299341654,-73.94965589046478,885
E 91 St & Park Ave,3294,40.7835016,-73.955327,547
E 93 St & 2 Ave,3296,40.78245417527987,-73.94891962409021,323
E 95 St & 3 Ave,3325,40.7849032,-73.950503,327
E 97 St & 3 Ave,3309,40.7859201,-73.94860294,140
E 97 St & Madison Ave,3336,40.787801,-73.953559,712
E 98 St & Lexington Ave,3642,40.787285198609524,-73.95012259483337,133
East End Ave & E 86 St,3157,40.77518615,-73.94446054,222
Eastern Pkwy & Franklin Ave,3584,40.670776700000005,-73.9576801,358
Eastern Pkwy & Washington Ave,3583,40.6716493,-73.9631145,201
Eckford St & Engert Ave,3449,40.72146256229816,-73.94800901412964,257
Emerson Pl & Myrtle Ave,354,40.69363137,-73.96223558,621
FDR Drive & E 35 St,501,40.744219,-73.97121214,1566
Flushing Ave & Vanderbilt Ave,3648,40.69795031569544,-73.97077560424805,361
Forsyth St & Broome St,531,40.71893904,-73.99266288,2098
Forsyth St & Canal St,412,40.715815500000005,-73.99422366,1532
Franklin Ave & Empire Blvd,3599,40.663140000000006,-73.96056949999999,269
Franklin Ave & Myrtle Ave,372,40.694546087246025,-73.95801365375519,217
Franklin Ave & St Marks Ave,3569,40.6758324,-73.95616770000001,347
Franklin St & Dupont St,3117,40.735640000000004,-73.95866,407
Franklin St & W Broadway,79,40.71911552,-74.00666661,1106
Frederick Douglass Blvd & W 112 St,3553,40.801694,-73.957145,465
Frederick Douglass Blvd & W 117 St,3534,40.805159,-73.95469200000001,573
Frederick Douglass Blvd & W 129 St,3531,40.8125511,-73.9492286,170
Front St & Gold St,418,40.70224,-73.982578,458
Front St & Maiden Ln,351,40.70530954,-74.00612572,1000
Front St & Washington St,2000,40.70255088,-73.98940236,1157
Frost St & Meeker St,3091,40.71764,-73.94882,175
Fulton St & Adams St,3440,40.692418292578466,-73.98949474096298,1233
Fulton St & Broadway,319,40.711065999999995,-74.009447,1563
Fulton St & Clermont Ave,397,40.68415748,-73.96922273,369
Fulton St & Grand Ave,365,40.68223166,-73.9614583,458
Fulton St & Rockwell Pl,243,40.688226,-73.979382,577
Fulton St & Utica Ave,3042,40.6794268,-73.92989109999999,179
Fulton St & Waverly Ave,3637,40.68323865460341,-73.96599590778352,570
Fulton St & William St,316,40.70955958,-74.00653609,118
Garfield Pl & 8 Ave,3358,40.671197799999995,-73.97484126,381
Gold St & Frankfort St,3489,40.710699946313866,-74.00354146957396,535
Graham Ave & Conselyea St,3086,40.715143,-73.944507,856
Graham Ave & Grand St,3081,40.711863,-73.944024,335
Graham Ave & Herbert St,3095,40.71929301,-73.94500379,246
Graham Ave & Withers St,3094,40.7169811,-73.94485918,292
Grand Army Plaza & Central Park S,281,40.764397100000004,-73.97371465,2423
Grand Army Plaza & Plaza St West,3349,40.6729679,-73.97087984,607
Grand Ave & Bergen St,3549,40.678045000000004,-73.962408,338
Grand St & Elizabeth St,3435,40.718821999999996,-73.99596,2635
Grand St & Greene St,2010,40.72165481,-74.00234737,1369
Grand St & Havemeyer St,471,40.71286844,-73.95698119,528
Great Jones St,229,40.72743423,-73.99379025,3306
Greene Ave & Nostrand Ave,3055,40.68833370000001,-73.950916,227
Greene Ave & Throop Ave,3054,40.6894932,-73.942061,299
Greenpoint Ave & Manhattan Ave,3113,40.730259999999994,-73.95394,746
Greenwich Ave & 8 Ave,284,40.7390169121,-74.0026376103,3561
Greenwich Ave & Charles St,383,40.735238,-74.000271,2122
Greenwich St & W Houston St,347,40.728846000000004,-74.00859100000001,1957
Halsey St & Tompkins Ave,3047,40.682368700000005,-73.944118,321
Hancock St & Bedford Ave,436,40.68216564,-73.95399026,303
Hanson Pl & Ashland Pl,3429,40.68506807308177,-73.97790759801863,1984
Harrison St & Hudson St,249,40.71870987,-74.0090009,959
Henry St & Atlantic Ave,157,40.69089272,-73.99612349,776
Henry St & Bay St,3330,40.672505799999996,-74.00494695,26
Henry St & Degraw St,3315,40.684751399999996,-73.99917254,838
Henry St & Grand St,502,40.714215,-73.981346,1803
Henry St & Poplar St,407,40.700469,-73.991454,424
Henry St & W 9 St [old],3395,40.6763744,-74.00324957,57
Hicks St & Montague St,406,40.69512845,-73.99595065,991
Hope St & Union Ave,3082,40.71167351,-73.95141312,450
Howard St & Centre St,268,40.71910537,-73.99973337,1630
Hoyt St & Warren St,3421,40.6843549,-73.98901629,247
Hudson St & Reade St,146,40.71625008,-74.0091059,980
Humboldt St & Varet St,3068,40.7031724,-73.940636,240
Huron St & Franklin St,3116,40.732659999999996,-73.95826,648
India St & Manhattan Ave,3115,40.73232194,-73.9550858,578
India St & West St,3469,40.73181401720966,-73.95995020866394,242
Jackson Ave & 46 Rd,3121,40.74524768,-73.94733276,190
Jackson St & Leonard St,3456,40.716380319735606,-73.94821286201476,84
Jay St & Tech Pl,392,40.695065,-73.987167,727
John St & William St,376,40.70862144,-74.00722156,1195
Johnson St & Gold St,261,40.69474881,-73.98362464,525
Kane St & Clinton St,3308,40.686175799999994,-73.99645295,613
Kent Ave & N 7 St,3016,40.72036775298455,-73.96165072917937,1182
Kent Ave & S 11 St,282,40.7076449441757,-73.96841526031494,564
Kingston Ave & Herkimer St,3041,40.67890679,-73.94142771,201
Kosciuszko St & Nostrand Ave,3056,40.69072549,-73.95133465,208
Kosciuszko St & Tompkins Ave,3057,40.69128258,-73.9452416,276
LaGuardia Pl & W 3 St,161,40.72917025,-73.99810231,2228
Lafayette Ave & Classon Ave,364,40.68900443,-73.96023854,587
Lafayette Ave & Fort Greene Pl,274,40.68691865,-73.976682,755
Lafayette Ave & St James Pl,399,40.68851534,-73.9647628,660
Lafayette St & E 8 St,293,40.73020660529954,-73.99102628231049,3616
Lafayette St & Jersey St,3427,40.72430527250332,-73.99600982666016,2596
Laight St & Hudson St,248,40.72185379,-74.00771779,615
Lawrence St & Willoughby St,323,40.69236178,-73.98631746,1288
Lefferts Pl & Franklin Ave,396,40.680342423,-73.9557689392,401
Lenox Ave & W 111 St,3521,40.7987859,-73.9523,642
Lenox Ave & W 115 St,3509,40.8011939,-73.9500739,381
Lenox Ave & W 126 St,3518,40.808442,-73.94520870000001,414
Lenox Ave & W 130 St,3529,40.8107922,-73.9430681,299
Leonard St & Boerum St,3072,40.70583339,-73.94644578,147
Leonard St & Church St,320,40.717571,-74.005549,1018
Leonard St & Maujer St,3454,40.71036854235229,-73.94705951213838,307
Lewis Ave & Decatur St,3043,40.6814598,-73.934903,98
Lewis Ave & Kosciuszko St,3058,40.69237074,-73.93705428,175
Lewis Ave & Madison St,3052,40.686312,-73.935775,217
Lexington Ave & Classon Ave,120,40.68676793,-73.95928168,393
Lexington Ave & E 111 St,3502,40.79541210000001,-73.9441232,207
Lexington Ave & E 120 St,3506,40.8013066,-73.93981670000001,88
Lexington Ave & E 127 St,3505,40.805726,-73.936322,84
Lexington Ave & E 24 St,537,40.74025878,-73.98409214,2941
Lexington Ave & E 29 St,540,40.74311555376486,-73.98215353488922,2123
Lexington Ave & E 63 St,3155,40.76440023,-73.96648977,964
Liberty St & Broadway,195,40.70905623,-74.01043382,1517
Lincoln Pl & Classon Ave,3582,40.672168299999996,-73.9609,93
Lispenard St & Broadway,257,40.71939226,-74.00247214,1549
Little West St & 1 Pl,2008,40.70569254,-74.01677685,1514
Lorimer St & Broadway,3069,40.70411791,-73.94818595,186
MacDougal St & Prince St,128,40.72710258,-74.00297088,2208
MacDougal St & Washington Sq,252,40.73226398,-73.99852205,1338
Macon St & Nostrand Ave,437,40.6809833854,-73.9500479759,753
Madison Ave & E 120 St,3503,40.80295,-73.942954,77
Madison Ave & E 82 St,3362,40.7781314,-73.96069399,623
Madison Ave & E 99 St,3345,40.78948541553215,-73.9524292945862,431
Madison St & Clinton St,340,40.71269042,-73.98776323,919
Madison St & Montgomery St,291,40.713126,-73.984844,913
Maiden Ln & Pearl St,264,40.70706456,-74.00731853,964
Marcus Garvey Blvd & Macon St,3046,40.682601,-73.938037,207
Marcy Ave & Lafayette Ave,3053,40.6900815,-73.94791500000001,73
Market St & Cherry St,408,40.71076228,-73.99400398,620
McGuinness Blvd & Eagle St,3118,40.73555,-73.95284000000001,517
McKibbin St & Manhattan Ave,3070,40.70510918,-73.94407279,144
Mercer St & Bleecker St,3260,40.72706363348306,-73.99662137031554,2145
Mercer St & Spring St,303,40.72362738,-73.99949601,1356
Meserole Ave & Manhattan Ave,3110,40.72708584,-73.95299117,861
Metropolitan Ave & Bedford Ave,539,40.71534825,-73.96024116,1607
Metropolitan Ave & Meeker Ave,3087,40.71413311,-73.95234386,541
Milton St & Franklin St,3112,40.72906,-73.95779,1080
Monroe St & Bedford Ave,344,40.6851443,-73.95380904,483
Monroe St & Classon Ave,289,40.684568299999995,-73.95881081,269
Monroe St & Tompkins Ave,3241,40.686203000000006,-73.944694,286
Montgomery St & Franklin Ave,3661,40.666439306870814,-73.96055638790129,41
Montgomery St & Franklin Ave OLD,3594,40.6661649,-73.95934840000001,5
Montrose Ave & Bushwick Ave,3074,40.70767788,-73.94016171,463
Morningside Ave & W 123 St,3540,40.81,-73.9551508,166
Morningside Dr & Amsterdam Ave,3543,40.81028506306003,-73.95736455917357,107
Mott St & Prince St,251,40.72317958,-73.99480012,1751
Mt Morris Park W & W 120 St,3535,40.804038,-73.945925,304
Murray St & Greenwich St,3461,40.71485150526252,-74.01122331619263,1103
Murray St & West St,309,40.7149787,-74.013012,1145
Myrtle Ave & Lewis Ave,3064,40.69681963,-73.93756926,384
Myrtle Ave & Marcy Ave,3062,40.69539817,-73.94954908,271
Myrtle Ave & St Edwards St,245,40.69327018,-73.97703874,323
N 11 St & Wythe Ave,3103,40.72153267,-73.95782357,301
N 12 St & Bedford Ave,3101,40.72079821,-73.95484712,502
N 15 St & Wythe Ave,3105,40.724055,-73.955736,362
N 6 St & Bedford Ave,3093,40.71745169,-73.95850939,1651
N 8 St & Driggs Ave,3090,40.71774592,-73.95600096,1418
NYCBS Depot - GOW,3432,40.66906013501107,-73.99463653564453,10
NYCBS Depot - PIT,3250,40.716909780459645,-73.98383796215056,1
NYCBS Depot - RIS,3485,40.725208,-73.974724,2
NYCBS Depot - STY - Garage 4,3468,40.730380100000005,-73.9747502,39
Nassau Ave & Newell St,3100,40.724812564400175,-73.94752621650694,573
Nassau Ave & Russell St,3108,40.725570000000005,-73.94434,643
Nassau St & Navy St,144,40.69839895,-73.98068914,205
Newton Rd & 44 St,3598,40.7595701,-73.91426779999999,102
Newtown Ave & 23 St,3619,40.7713615,-73.9246145,256
Norfolk St & Broome St,311,40.7172274,-73.98802084,1266
North Moore St & Greenwich St,3664,40.72019521437465,-74.0103006362915,214
Nostrand Ave & Myrtle Ave,3063,40.69527008,-73.95238108,139
Old Fulton St,217,40.70277159,-73.99383605,679
Old Slip & Front St,337,40.703799200000006,-74.00838676,796
Pacific St & Classon Ave,3546,40.67919439999999,-73.95879029999999,147
Pacific St & Nevins St,3412,40.6853761,-73.98302136,456
Park Ave & E 124 St,3507,40.8045555,-73.93968609999999,863
Park Ave & Marcus Garvey Blvd,3179,40.698617,-73.941342,149
Park Ave & St Edwards St,119,40.69608941,-73.97803415,239
Park Pl & Franklin Ave,3578,40.67418060000001,-73.95649470000001,158
Park Pl & Vanderbilt Ave,3576,40.6767,-73.969024,491
Pearl St & Anchorage Pl,414,40.70281858,-73.98765762,438
Pearl St & Hanover Square,415,40.7047177,-74.00926027,1005
Peck Slip & Front St,279,40.707873,-74.00166999999999,1050
Perry St & Bleecker St,247,40.73535398,-74.00483091,817
Pershing Square North,519,40.751872999999996,-73.97770600000001,8080
Pershing Square South,517,40.751581,-73.97791,2792
Pier 40 - Hudson River Park,3256,40.7277140777778,-74.01129573583603,1004
Pike St & E Broadway,295,40.71406667,-73.99293911,1292
Pike St & Monroe St,331,40.71173107,-73.99193043,782
Pioneer St & Richards St,3342,40.677774799999995,-74.0094613,80
Pioneer St & Van Brunt St,3344,40.679043,-74.011169,280
Pitt St & Stanton St,400,40.71926081,-73.98178024,397
Plaza St West & Flatbush Ave,3418,40.675020700000005,-73.97111473,795
Pleasant Ave & E 116 St,3497,40.794987899999995,-73.9333349,506
Pleasant Ave & E 120 St,3498,40.7974772,-73.9311847,99
President St & Henry St,3388,40.6828003,-73.99990419,327
Prospect Park West & 8 St,3300,40.66514681533792,-73.97637605667114,409
Prospect Pl & 6 Ave,3415,40.6793307,-73.97519523,486
Prospect Pl & Underhill Ave,3574,40.6769694,-73.96579,280
Pulaski St & Marcus Garvey Blvd,3059,40.693398200000004,-73.939877,112
Putnam Ave & Nostrand Ave,3048,40.684020000000004,-73.94977,252
Putnam Ave & Throop Ave,3050,40.6851532,-73.94111,344
Queens Plaza North & Crescent St,3129,40.75110165,-73.94073717,722
Railroad Ave & Kay Ave,2005,40.70531194,-73.97100056,65
Reade St & Broadway,330,40.71450451,-74.00562789,1004
Richards St & Delavan St,3393,40.67943270000001,-74.00785041,138
Richardson St & N Henry St,3430,40.71907891179564,-73.94223690032959,496
Riverside Blvd & W 67 St,3173,40.777507027547976,-73.98888587951659,855
Riverside Dr & W 104 St,3331,40.8013434,-73.97114574390001,361
Riverside Dr & W 72 St,3166,40.780577990103346,-73.98562431335448,681
Riverside Dr & W 78 St,3178,40.78414472,-73.98362492,429
Riverside Dr & W 82 St,3169,40.78720869,-73.98128127,550
Riverside Dr & W 91 St,3437,40.793134809866636,-73.97700369358063,237
Rivington St & Chrystie St,473,40.72110063,-73.99192540000001,929
Rivington St & Ridge St,349,40.71850211,-73.98329859,769
Roebling St & N 4 St,3085,40.714690000000004,-73.95739,486
Rogers Ave & Sterling St,3604,40.6630619,-73.95387459999999,85
S 3 St & Bedford Ave,481,40.71260486,-73.96264403,831
S 4 St & Rodney St,3080,40.709340000000005,-73.95608,354
S 4 St & Wythe Ave,460,40.71285887,-73.96590294,1272
S 5 Pl & S 5 St,532,40.710451,-73.960876,1105
S Portland Ave & Hanson Pl,353,40.68539567,-73.97431458,498
Sands St & Navy St,2001,40.699773,-73.979927,219
Schermerhorn St & 3 Ave,3455,40.68680820503432,-73.98036181926726,319
Schermerhorn St & Bond St,3486,40.68841742754083,-73.98451656103134,746
Schermerhorn St & Court St,3242,40.69102925677968,-73.99183362722397,703
Scholes St & Manhattan Ave,3076,40.70870368,-73.9448625,418
Sigourney St & Columbia St,3352,40.67267243410948,-74.00879524648191,94
Smith St & 3 St,3384,40.678724200000005,-73.99599099,418
Smith St & 9 St,3398,40.67469570000001,-73.99785768,536
South End Ave & Liberty St,3002,40.711512,-74.01575600000001,2466
South St & Gouverneur Ln,315,40.70355377,-74.00670227,1395
South St & Whitehall St,259,40.70122128,-74.01234218,914
St James Pl & Oliver St,308,40.71307916,-73.99851193,999
St James Pl & Pearl St,82,40.71117416,-74.00016545,436
St Johns Pl & Washington Ave,3580,40.6737236,-73.9631611,270
St Marks Pl & 1 Ave,438,40.72779126,-73.98564945,2287
St Marks Pl & 2 Ave,236,40.7284186,-73.98713956,2165
St Nicholas Ave & Manhattan Ave,3508,40.809725,-73.953149,366
St. Nicholas Ave & W 126 St,3533,40.8114323,-73.95187759999999,298
Stagg St & Union Ave,3077,40.70877084,-73.95095259,414
Stanton St & Chrystie St,265,40.72229346,-73.99147535,1804
Stanton St & Mangin St,341,40.71782143,-73.97628939,671
State St & Smith St,310,40.68926942,-73.98912867,811
Steinway St & 23 Ave,3528,40.771393700000004,-73.9077436,97
Steinway St & 28 Ave,3616,40.7656251,-73.9136695,262
Sterling Pl & 7 Ave,3663,40.67716489469059,-73.97382795810701,206
Sterling Pl & Bedford Ave,3579,40.672695000000004,-73.954131,184
Sterling St & Bedford Ave,3601,40.6627059,-73.9569115,95
Suffolk St & Stanton St,410,40.72066442,-73.98517977,2113
Sullivan Pl & Bedford Ave,3596,40.6642406,-73.9574686,24
Sullivan St & Washington Sq,336,40.73047747,-73.99906065,1928
Throop Ave & Myrtle Ave,3061,40.69622937,-73.94371094,119
Tompkins Ave & Hopkins St,3066,40.69957608,-73.94708417,186
Underhill Ave & Lincoln Pl,3581,40.674012299999994,-73.9671457,371
Underhill Ave & Pacific St,3544,40.6804836,-73.9646795,297
Union Ave & Jackson St,3088,40.7160751,-73.95202900000001,239
Union Ave & N 12 St,3096,40.71924,-73.95241999999999,600
Union Ave & Wallabout St,3065,40.70029511,-73.95032283,122
Union St & 4 Ave,3335,40.6772744,-73.98282002,676
Union St & Bedford Ave,3585,40.6691783,-73.9554162,98
Union St & Nevins St,3407,40.67909799721684,-73.98765474557877,376
University Pl & E 14 St,382,40.73492695,-73.99200509,3181
University Pl & E 8 St,3244,40.73143724085228,-73.99490341544151,1864
Van Brunt St & Wolcott St,3347,40.6773429,-74.01275056,225
Van Dyke St & Van Brunt St,3644,40.67581622522832,-74.01488184928894,163
Vernon Blvd & 10 St,3588,40.7671863,-73.9373554,156
Vernon Blvd & 30 Rd,3610,40.770845,-73.93417099999999,157
Vernon Blvd & 31 Ave,3609,40.7692475,-73.93545040000001,113
Vernon Blvd & 41 Rd,3554,40.7552433,-73.94856779999999,44
Vernon Blvd & 47 Rd,3611,40.7449067,-73.9534573,206
Vernon Blvd & 50 Ave,3119,40.74232744,-73.95411749,999
Verona Pl & Fulton St,3249,40.680356084043396,-73.94767910242079,285
Vesey Pl & River Terrace,327,40.715337899999994,-74.01658354,2140
W 100 St & Broadway,3350,40.797372100000004,-73.97041192,887
W 100 St & Manhattan Ave,3328,40.795,-73.9645,617
W 104 St & Amsterdam Ave - 1,3316,40.798993700000004,-73.96621737779999,412
W 106 St & Amsterdam Ave,3357,40.80083629999999,-73.9664492472,422
W 106 St & Central Park West,3323,40.798185600000004,-73.96059090060001,623
W 107 St & Columbus Ave,3343,40.7997568,-73.9621128676,371
W 11 St & 6 Ave,254,40.73532427,-73.99800419,1456
W 110 St & Amsterdam Ave,3538,40.802692,-73.96295,390
W 113 St & Broadway,3552,40.805973,-73.964928,518
W 116 St & Amsterdam Ave,3539,40.8067581,-73.9607082,649
W 116 St & Broadway,3536,40.8082,-73.9641,495
W 120 St & Claremont Ave,3623,40.8109494,-73.9634,256
W 129 St & Convent Ave,3649,40.81439443791581,-73.95324736833571,29
W 13 St & 5 Ave,253,40.73543934,-73.99453948,1322
W 13 St & 6 Ave,345,40.73649403,-73.99704374,1754
W 13 St & 7 Ave,223,40.73781509,-73.99994661,1183
W 13 St & Hudson St,3224,40.73997354103409,-74.00513872504234,2108
W 15 St & 10 Ave,3472,40.742753828659026,-74.00747358798982,1213
W 15 St & 7 Ave,482,40.73935542,-73.99931783,2777
W 16 St & 8 Ave,3660,40.74102150900266,-74.001384973526,1092
W 16 St & The High Line,212,40.74334935,-74.00681753,1893
W 17 St & 9 Ave,3659,40.7429489166009,-74.00413691997528,849
W 18 St & 6 Ave,168,40.73971301,-73.99456405,3287
W 18 St & 9 Ave,3658,40.7435337324616,-74.00367558002472,1017
W 20 St & 11 Ave,459,40.746745000000004,-74.007756,4057
W 20 St & 7 Ave,334,40.74238787,-73.99726235,2536
W 20 St & 8 Ave,470,40.74345335,-74.00004031,2606
W 21 St & 6 Ave,435,40.74173969,-73.99415556,5093
W 22 St & 10 Ave,462,40.74691959,-74.00451887,2283
W 22 St & 8 Ave,453,40.74475148,-73.99915362,2428
W 24 St & 7 Ave,446,40.74487634,-73.99529885,3117
W 25 St & 6 Ave,466,40.74395411,-73.99144871,2472
W 26 St & 10 Ave,388,40.749717753,-74.002950346,1808
W 26 St & 8 Ave,494,40.74734825,-73.99723551,2838
W 27 St & 10 Ave,3258,40.750181563256824,-74.00218427181244,2122
W 27 St & 7 Ave,442,40.746646999999996,-73.993915,1489
W 31 St & 7 Ave,379,40.749156,-73.9916,3652
W 33 St & 7 Ave,492,40.75019995,-73.99093085,3487
W 34 St & 11 Ave,525,40.75594159,-74.0021163,1388
W 36 St & 9 Ave,3635,40.754623240291046,-73.99516761302948,1522
W 37 St & 10 Ave,448,40.75660359,-73.9979009,1827
W 37 St & 5 Ave,485,40.75038009,-73.98338988,1669
W 38 St & 8 Ave,523,40.75466591,-73.99138152,4278
W 4 St & 7 Ave S,380,40.73401143,-74.00293877,2325
W 41 St & 8 Ave,477,40.75640548,-73.9900262,4256
W 42 St & 8 Ave,529,40.75756989999999,-73.99098507,2202
W 42 St & Dyer Ave,3236,40.75898481399634,-73.99379968643187,2040
W 43 St & 10 Ave,515,40.76009437,-73.99461843,1812
W 43 St & 6 Ave,524,40.75527307,-73.98316936,1822
W 44 St & 5 Ave,484,40.75500254,-73.98014437,2236
W 45 St & 6 Ave (OLD),3466,40.75668720603179,-73.98257732391356,1558
W 45 St & 8 Ave,2021,40.75929124,-73.98859651,2305
W 46 St & 11 Ave,508,40.76341379,-73.99667444,1379
W 47 St & 10 Ave,495,40.76269882,-73.99301222,1875
W 49 St & 8 Ave,450,40.76227205,-73.98788205,2716
W 52 St & 11 Ave,72,40.76727216,-73.99392888,1324
W 52 St & 5 Ave,520,40.75992262,-73.97648516,1503
W 52 St & 6 Ave,3443,40.76132983124814,-73.97982001304626,2913
W 52 St & 9 Ave,449,40.76461837,-73.98789473,1136
W 53 St & 10 Ave,480,40.76669671,-73.99061728,1729
W 54 St & 9 Ave,423,40.76584941,-73.98690506,1173
W 55 St & 6 Ave,3458,40.76309387270797,-73.97835016250609,2060
W 56 St & 10 Ave,513,40.768254,-73.988639,1370
W 59 St & 10 Ave,422,40.770513,-73.988038,1107
W 63 St & Broadway,3158,40.77163851,-73.98261428,2183
W 64 St & West End Ave,3176,40.77452835,-73.98753759,1005
W 67 St & Broadway,3159,40.77492513,-73.98266566,1843
W 70 St & Amsterdam Ave,3175,40.77748046,-73.98288594,1509
W 74 St & Columbus Ave,3172,40.7785669,-73.97754961,918
W 76 St & Columbus Ave,3161,40.7801839724239,-73.97728532552719,1430
W 78 St & Broadway,3162,40.78339981,-73.98093133,1018
W 82 St & Central Park West,3226,40.78275,-73.97137,858
W 84 St & Broadway,3177,40.7867947,-73.977112,1007
W 84 St & Columbus Ave,3170,40.78499979,-73.97283406,1471
W 87 St & Amsterdam Ave,3285,40.78839,-73.9747,779
W 88 St & West End Ave,3434,40.790254173304184,-73.97718340158461,554
W 89 St & Columbus Ave,3283,40.7882213,-73.97041561,1009
W 90 St & Amsterdam Ave,3289,40.79017948095081,-73.97288918495178,654
W 92 St & Broadway,3293,40.7921,-73.9739,848
W 95 St & Broadway,3314,40.7937704,-73.971888,953
W Broadway & Spring Street,3467,40.72494672359416,-74.00165855884552,1654
Warren St & Church St,152,40.71473993,-74.00910627,840
Warren St & Court St,3298,40.686371,-73.99383324,561
Washington Ave & Greene Ave,275,40.68650065,-73.96563307,449
Washington Ave & Park Ave,313,40.69610226,-73.96751037,591
Washington Park,262,40.6917823,-73.97372990000001,558
Washington Pl & 6 Ave,369,40.73224119,-74.00026394,1232
Washington Pl & Broadway,335,40.72903917,-73.99404649,1794
Washington St & Gansevoort St,405,40.739323,-74.008119,1652
Water - Whitehall Plaza,534,40.70255065,-74.0127234,889
Watts St & Greenwich St,328,40.72405549,-74.00965965,1566
West Drive & Prospect Park West,3423,40.6610633719006,-73.97945255041121,864
West End Ave & W 107 St,3366,40.8021174,-73.9681805305,390
West End Ave & W 94 St,3307,40.7941654,-73.974124,498
West St & Chambers St,426,40.71754834,-74.01322069,2700
West Thames St,363,40.70834698,-74.01713445,1194
William St & Pine St,360,40.70717936,-74.00887308,717
Willoughby Ave & Hall St,244,40.69196035,-73.96536851,807
Willoughby Ave & Tompkins Ave,3060,40.69425403,-73.94626915,204
Willoughby Ave & Walworth St,373,40.69331716,-73.95381995,180
Willoughby St & Fleet St,239,40.69196566,-73.9813018,1426
Wolcott St & Dwight St,3340,40.6753274,-74.0100698,63
Wyckoff St & 3 Ave,3413,40.6827549,-73.98258555,347
Wythe Ave & Metropolitan Ave,2002,40.716887,-73.96319799999999,1259
York St & Jay St,430,40.7014851,-73.98656928,1547
